energy_eV,dos,integrated_dos
-26.230,0.5739E-85,0.1148E-86
-26.210,0.5739E-85,0.2295E-86
-26.190,0.5739E-85,0.3443E-86
-26.170,0.5739E-85,0.4591E-86
-26.150,0.5739E-85,0.5739E-86
-26.130,0.5739E-85,0.6886E-86
-26.110,0.5739E-85,0.8034E-86
-26.090,0.5739E-85,0.9182E-86
-26.070,0.5739E-85,0.1033E-85
-26.050,0.5739E-85,0.1148E-85
-26.030,0.5739E-85,0.1262E-85
-26.010,0.5739E-85,0.1377E-85
-25.990,0.5739E-85,0.1492E-85
-25.970,0.5739E-85,0.1607E-85
-25.950,0.5739E-85,0.1722E-85
-25.930,0.5739E-85,0.1836E-85
-25.910,0.5739E-85,0.1951E-85
-25.890,0.5739E-85,0.2066E-85
-25.870,0.5739E-85,0.2181E-85
-25.850,0.5739E-85,0.2295E-85
-25.830,0.5739E-85,0.2410E-85
-25.810,0.5739E-85,0.2525E-85
-25.790,0.5739E-85,0.2640E-85
-25.770,0.5739E-85,0.2755E-85
-25.750,0.5739E-85,0.2869E-85
-25.730,0.5739E-85,0.2984E-85
-25.710,0.5739E-85,0.3099E-85
-25.690,0.5739E-85,0.3214E-85
-25.670,0.5739E-85,0.3328E-85
-25.650,0.5739E-85,0.3443E-85
-25.630,0.5739E-85,0.3558E-85
-25.610,0.5739E-85,0.3673E-85
-25.590,0.5739E-85,0.3787E-85
-25.570,0.5739E-85,0.3902E-85
-25.550,0.5739E-85,0.4017E-85
-25.530,0.5739E-85,0.4132E-85
-25.510,0.5739E-85,0.4247E-85
-25.490,0.5739E-85,0.4361E-85
-25.470,0.5739E-85,0.4476E-85
-25.450,0.5739E-85,0.4591E-85
-25.430,0.5739E-85,0.4706E-85
-25.410,0.5739E-85,0.4820E-85
-25.390,0.5739E-85,0.4935E-85
-25.370,0.5739E-85,0.5050E-85
-25.350,0.5739E-85,0.5165E-85
-25.330,0.5739E-85,0.5280E-85
-25.310,0.5739E-85,0.5394E-85
-25.290,0.5739E-85,0.5509E-85
-25.270,0.5739E-85,0.5624E-85
-25.250,0.5739E-85,0.5739E-85
-25.230,0.5739E-85,0.5853E-85
-25.210,0.5739E-85,0.5968E-85
-25.190,0.5739E-85,0.6083E-85
-25.170,0.5739E-85,0.6198E-85
-25.150,0.5739E-85,0.6312E-85
-25.130,0.5739E-85,0.6427E-85
-25.110,0.5739E-85,0.6542E-85
-25.090,0.5739E-85,0.6657E-85
-25.070,0.6554E-85,0.6788E-85
-25.050,0.1616E-84,0.7111E-85
-25.030,0.9128E-84,0.8937E-85
-25.010,0.6723E-83,0.2238E-84
-24.990,0.5117E-82,0.1247E-83
-24.970,0.3876E-81,0.9000E-83
-24.950,0.2907E-80,0.6713E-82
-24.930,0.2156E-79,0.4984E-81
-24.910,0.1583E-78,0.3663E-80
-24.890,0.1149E-77,0.2664E-79
-24.870,0.8252E-77,0.1917E-78
-24.850,0.5863E-76,0.1364E-77
-24.830,0.4121E-75,0.9607E-77
-24.810,0.2866E-74,0.6692E-76
-24.790,0.1971E-73,0.4611E-75
-24.770,0.1341E-72,0.3144E-74
-24.750,0.9028E-72,0.2120E-73
-24.730,0.6012E-71,0.1414E-72
-24.710,0.3960E-70,0.9335E-72
-24.690,0.2581E-69,0.6095E-71
-24.670,0.1664E-68,0.3937E-70
-24.650,0.1061E-67,0.2516E-69
-24.630,0.6695E-67,0.1591E-68
-24.610,0.4178E-66,0.9947E-68
-24.590,0.2580E-65,0.6154E-67
-24.570,0.1576E-64,0.3767E-66
-24.550,0.9520E-64,0.2281E-65
-24.530,0.5690E-63,0.1366E-64
-24.510,0.3365E-62,0.8095E-64
-24.490,0.1968E-61,0.4746E-63
-24.470,0.1139E-60,0.2752E-62
-24.450,0.6519E-60,0.1579E-61
-24.430,0.3692E-59,0.8962E-61
-24.410,0.2068E-58,0.5032E-60
-24.390,0.1146E-57,0.2795E-59
-24.370,0.6283E-57,0.1536E-58
-24.350,0.3407E-56,0.8351E-58
-24.330,0.1828E-55,0.4491E-57
-24.310,0.9703E-55,0.2390E-56
-24.290,0.5094E-54,0.1258E-55
-24.270,0.2646E-53,0.6550E-55
-24.250,0.1360E-52,0.3374E-54
-24.230,0.6910E-52,0.1719E-53
-24.210,0.3475E-51,0.8669E-53
-24.190,0.1728E-50,0.4324E-52
-24.170,0.8505E-50,0.2133E-51
-24.150,0.4140E-49,0.1041E-50
-24.130,0.1994E-48,0.5029E-50
-24.110,0.9498E-48,0.2403E-49
-24.090,0.4476E-47,0.1135E-48
-24.070,0.2087E-46,0.5309E-48
-24.050,0.9624E-46,0.2456E-47
-24.030,0.4391E-45,0.1124E-46
-24.010,0.1982E-44,0.5087E-46
-23.990,0.8848E-44,0.2278E-45
-23.970,0.3908E-43,0.1009E-44
-23.950,0.1708E-42,0.4425E-44
-23.930,0.7381E-42,0.1919E-43
-23.910,0.3156E-41,0.8231E-43
-23.890,0.1335E-40,0.3493E-42
-23.870,0.5587E-40,0.1467E-41
-23.850,0.2313E-39,0.6092E-41
-23.830,0.9471E-39,0.2503E-40
-23.810,0.3837E-38,0.1018E-39
-23.790,0.1538E-37,0.4093E-39
-23.770,0.6096E-37,0.1629E-38
-23.750,0.2391E-36,0.6410E-38
-23.730,0.9276E-36,0.2496E-37
-23.710,0.3560E-35,0.9617E-37
-23.690,0.1352E-34,0.3665E-36
-23.670,0.5077E-34,0.1382E-35
-23.650,0.1887E-33,0.5155E-35
-23.630,0.6935E-33,0.1902E-34
-23.610,0.2522E-32,0.6946E-34
-23.590,0.9071E-32,0.2509E-33
-23.570,0.3228E-31,0.8965E-33
-23.550,0.1136E-30,0.3169E-32
-23.530,0.3957E-30,0.1108E-31
-23.510,0.1363E-29,0.3835E-31
-23.490,0.4646E-29,0.1313E-30
-23.470,0.1566E-28,0.4445E-30
-23.450,0.5224E-28,0.1489E-29
-23.430,0.1724E-27,0.4937E-29
-23.410,0.5626E-27,0.1619E-28
-23.390,0.1816E-26,0.5252E-28
-23.370,0.5802E-26,0.1686E-27
-23.350,0.1833E-25,0.5352E-27
-23.330,0.5730E-25,0.1681E-26
-23.310,0.1772E-24,0.5225E-26
-23.290,0.5421E-24,0.1607E-25
-23.270,0.1640E-23,0.4887E-25
-23.250,0.4911E-23,0.1471E-24
-23.230,0.1454E-22,0.4379E-24
-23.210,0.4260E-22,0.1290E-23
-23.190,0.1235E-21,0.3759E-23
-23.170,0.3540E-21,0.1084E-22
-23.150,0.1004E-20,0.3092E-22
-23.130,0.2817E-20,0.8726E-22
-23.110,0.7819E-20,0.2436E-21
-23.090,0.2147E-19,0.6730E-21
-23.070,0.5831E-19,0.1839E-20
-23.050,0.1567E-18,0.4973E-20
-23.030,0.4165E-18,0.1330E-19
-23.010,0.1095E-17,0.3521E-19
-22.990,0.2849E-17,0.9219E-19
-22.970,0.7332E-17,0.2388E-18
-22.950,0.1866E-16,0.6121E-18
-22.930,0.4701E-16,0.1552E-17
-22.910,0.1171E-15,0.3894E-17
-22.890,0.2886E-15,0.9667E-17
-22.870,0.7037E-15,0.2374E-16
-22.850,0.1697E-14,0.5768E-16
-22.830,0.4049E-14,0.1387E-15
-22.810,0.9558E-14,0.3298E-15
-22.790,0.2232E-13,0.7761E-15
-22.770,0.5155E-13,0.1807E-14
-22.750,0.1178E-12,0.4163E-14
-22.730,0.2663E-12,0.9488E-14
-22.710,0.5954E-12,0.2140E-13
-22.690,0.1317E-11,0.4774E-13
-22.670,0.2882E-11,0.1054E-12
-22.650,0.6240E-11,0.2302E-12
-22.630,0.1336E-10,0.4975E-12
-22.610,0.2831E-10,0.1064E-11
-22.590,0.5934E-10,0.2250E-11
-22.570,0.1230E-09,0.4711E-11
-22.550,0.2523E-09,0.9757E-11
-22.530,0.5120E-09,0.2000E-10
-22.510,0.1028E-08,0.4055E-10
-22.490,0.2040E-08,0.8136E-10
-22.470,0.4008E-08,0.1615E-09
-22.450,0.7788E-08,0.3173E-09
-22.430,0.1497E-07,0.6167E-09
-22.410,0.2847E-07,0.1186E-08
-22.390,0.5356E-07,0.2257E-08
-22.370,0.9967E-07,0.4251E-08
-22.350,0.1835E-06,0.7920E-08
-22.330,0.3342E-06,0.1460E-07
-22.310,0.6020E-06,0.2664E-07
-22.290,0.1073E-05,0.4811E-07
-22.270,0.1892E-05,0.8594E-07
-22.250,0.3300E-05,0.1519E-06
-22.230,0.5693E-05,0.2658E-06
-22.210,0.9718E-05,0.4602E-06
-22.190,0.1641E-04,0.7883E-06
-22.170,0.2741E-04,0.1337E-05
-22.150,0.4529E-04,0.2242E-05
-22.130,0.7404E-04,0.3723E-05
-22.110,0.1197E-03,0.6118E-05
-22.090,0.1915E-03,0.9949E-05
-22.070,0.3031E-03,0.1601E-04
-22.050,0.4746E-03,0.2550E-04
-22.030,0.7350E-03,0.4020E-04
-22.010,0.1126E-02,0.6272E-04
-21.990,0.1707E-02,0.9686E-04
-21.970,0.2559E-02,0.1480E-03
-21.950,0.3795E-02,0.2239E-03
-21.930,0.5569E-02,0.3353E-03
-21.910,0.8083E-02,0.4970E-03
-21.890,0.1161E-01,0.7291E-03
-21.870,0.1649E-01,0.1059E-02
-21.850,0.2317E-01,0.1522E-02
-21.830,0.3221E-01,0.2166E-02
-21.810,0.4429E-01,0.3052E-02
-21.790,0.6025E-01,0.4257E-02
-21.770,0.8109E-01,0.5879E-02
-21.750,0.1080E+00,0.8038E-02
-21.730,0.1422E+00,0.1088E-01
-21.710,0.1852E+00,0.1459E-01
-21.690,0.2388E+00,0.1936E-01
-21.670,0.3044E+00,0.2545E-01
-21.650,0.3840E+00,0.3313E-01
-21.630,0.4791E+00,0.4271E-01
-21.610,0.5914E+00,0.5454E-01
-21.590,0.7221E+00,0.6898E-01
-21.570,0.8723E+00,0.8643E-01
-21.550,0.1042E+01,0.1073E+00
-21.530,0.1232E+01,0.1319E+00
-21.510,0.1441E+01,0.1607E+00
-21.490,0.1667E+01,0.1941E+00
-21.470,0.1908E+01,0.2322E+00
-21.450,0.2160E+01,0.2754E+00
-21.430,0.2419E+01,0.3238E+00
-21.410,0.2680E+01,0.3774E+00
-21.390,0.2938E+01,0.4362E+00
-21.370,0.3185E+01,0.4999E+00
-21.350,0.3417E+01,0.5682E+00
-21.330,0.3625E+01,0.6407E+00
-21.310,0.3805E+01,0.7168E+00
-21.290,0.3951E+01,0.7959E+00
-21.270,0.4059E+01,0.8770E+00
-21.250,0.4125E+01,0.9595E+00
-21.230,0.4147E+01,0.1042E+01
-21.210,0.4124E+01,0.1125E+01
-21.190,0.4057E+01,0.1206E+01
-21.170,0.3948E+01,0.1285E+01
-21.150,0.3801E+01,0.1361E+01
-21.130,0.3620E+01,0.1434E+01
-21.110,0.3411E+01,0.1502E+01
-21.090,0.3179E+01,0.1565E+01
-21.070,0.2932E+01,0.1624E+01
-21.050,0.2674E+01,0.1677E+01
-21.030,0.2413E+01,0.1726E+01
-21.010,0.2154E+01,0.1769E+01
-20.990,0.1902E+01,0.1807E+01
-20.970,0.1661E+01,0.1840E+01
-20.950,0.1436E+01,0.1869E+01
-20.930,0.1227E+01,0.1893E+01
-20.910,0.1038E+01,0.1914E+01
-20.890,0.8684E+00,0.1931E+01
-20.870,0.7187E+00,0.1946E+01
-20.850,0.5884E+00,0.1958E+01
-20.830,0.4766E+00,0.1967E+01
-20.810,0.3818E+00,0.1975E+01
-20.790,0.3026E+00,0.1981E+01
-20.770,0.2373E+00,0.1986E+01
-20.750,0.1841E+00,0.1989E+01
-20.730,0.1412E+00,0.1992E+01
-20.710,0.1072E+00,0.1994E+01
-20.690,0.8051E-01,0.1996E+01
-20.670,0.5981E-01,0.1997E+01
-20.650,0.4395E-01,0.1998E+01
-20.630,0.3195E-01,0.1998E+01
-20.610,0.2298E-01,0.1999E+01
-20.590,0.1635E-01,0.1999E+01
-20.570,0.1151E-01,0.2000E+01
-20.550,0.8011E-02,0.2000E+01
-20.530,0.5518E-02,0.2000E+01
-20.510,0.3759E-02,0.2000E+01
-20.490,0.2534E-02,0.2000E+01
-20.470,0.1690E-02,0.2000E+01
-20.450,0.1114E-02,0.2000E+01
-20.430,0.7272E-03,0.2000E+01
-20.410,0.4694E-03,0.2000E+01
-20.390,0.2998E-03,0.2000E+01
-20.370,0.1894E-03,0.2000E+01
-20.350,0.1183E-03,0.2000E+01
-20.330,0.7317E-04,0.2000E+01
-20.310,0.4475E-04,0.2000E+01
-20.290,0.2707E-04,0.2000E+01
-20.270,0.1620E-04,0.2000E+01
-20.250,0.9593E-05,0.2000E+01
-20.230,0.5619E-05,0.2000E+01
-20.210,0.3256E-05,0.2000E+01
-20.190,0.1866E-05,0.2000E+01
-20.170,0.1058E-05,0.2000E+01
-20.150,0.5935E-06,0.2000E+01
-20.130,0.3293E-06,0.2000E+01
-20.110,0.1808E-06,0.2000E+01
-20.090,0.9818E-07,0.2000E+01
-20.070,0.5274E-07,0.2000E+01
-20.050,0.2803E-07,0.2000E+01
-20.030,0.1474E-07,0.2000E+01
-20.010,0.7664E-08,0.2000E+01
-19.990,0.3943E-08,0.2000E+01
-19.970,0.2007E-08,0.2000E+01
-19.950,0.1010E-08,0.2000E+01
-19.930,0.5032E-09,0.2000E+01
-19.910,0.2480E-09,0.2000E+01
-19.890,0.1209E-09,0.2000E+01
-19.870,0.5828E-10,0.2000E+01
-19.850,0.2780E-10,0.2000E+01
-19.830,0.1312E-10,0.2000E+01
-19.810,0.6124E-11,0.2000E+01
-19.790,0.2828E-11,0.2000E+01
-19.770,0.1292E-11,0.2000E+01
-19.750,0.5839E-12,0.2000E+01
-19.730,0.2610E-12,0.2000E+01
-19.710,0.1154E-12,0.2000E+01
-19.690,0.5051E-13,0.2000E+01
-19.670,0.2186E-13,0.2000E+01
-19.650,0.9360E-14,0.2000E+01
-19.630,0.3965E-14,0.2000E+01
-19.610,0.1661E-14,0.2000E+01
-19.590,0.6886E-15,0.2000E+01
-19.570,0.2824E-15,0.2000E+01
-19.550,0.1145E-15,0.2000E+01
-19.530,0.4596E-16,0.2000E+01
-19.510,0.1825E-16,0.2000E+01
-19.490,0.7165E-17,0.2000E+01
-19.470,0.2784E-17,0.2000E+01
-19.450,0.1070E-17,0.2000E+01
-19.430,0.4067E-18,0.2000E+01
-19.410,0.1530E-18,0.2000E+01
-19.390,0.5691E-19,0.2000E+01
-19.370,0.2095E-19,0.2000E+01
-19.350,0.7627E-20,0.2000E+01
-19.330,0.2747E-20,0.2000E+01
-19.310,0.9788E-21,0.2000E+01
-19.290,0.3450E-21,0.2000E+01
-19.270,0.1203E-21,0.2000E+01
-19.250,0.4150E-22,0.2000E+01
-19.230,0.1416E-22,0.2000E+01
-19.210,0.4781E-23,0.2000E+01
-19.190,0.1597E-23,0.2000E+01
-19.170,0.5275E-24,0.2000E+01
-19.150,0.1724E-24,0.2000E+01
-19.130,0.5574E-25,0.2000E+01
-19.110,0.1783E-25,0.2000E+01
-19.090,0.5640E-26,0.2000E+01
-19.070,0.1765E-26,0.2000E+01
-19.050,0.5466E-27,0.2000E+01
-19.030,0.1674E-27,0.2000E+01
-19.010,0.5073E-28,0.2000E+01
-18.990,0.1521E-28,0.2000E+01
-18.970,0.4509E-29,0.2000E+01
-18.950,0.1323E-29,0.2000E+01
-18.930,0.3839E-30,0.2000E+01
-18.910,0.1102E-30,0.2000E+01
-18.890,0.3130E-31,0.2000E+01
-18.870,0.8792E-32,0.2000E+01
-18.850,0.2444E-32,0.2000E+01
-18.830,0.6718E-33,0.2000E+01
-18.810,0.1827E-33,0.2000E+01
-18.790,0.4916E-34,0.2000E+01
-18.770,0.1309E-34,0.2000E+01
-18.750,0.3445E-35,0.2000E+01
-18.730,0.8975E-36,0.2000E+01
-18.710,0.2313E-36,0.2000E+01
-18.690,0.5895E-37,0.2000E+01
-18.670,0.1487E-37,0.2000E+01
-18.650,0.3708E-38,0.2000E+01
-18.630,0.9151E-39,0.2000E+01
-18.610,0.2234E-39,0.2000E+01
-18.590,0.5395E-40,0.2000E+01
-18.570,0.1289E-40,0.2000E+01
-18.550,0.3046E-41,0.2000E+01
-18.530,0.7122E-42,0.2000E+01
-18.510,0.1647E-42,0.2000E+01
-18.490,0.3769E-43,0.2000E+01
-18.470,0.8531E-44,0.2000E+01
-18.450,0.1910E-44,0.2000E+01
-18.430,0.4231E-45,0.2000E+01
-18.410,0.9272E-46,0.2000E+01
-18.390,0.2010E-46,0.2000E+01
-18.370,0.4310E-47,0.2000E+01
-18.350,0.9143E-48,0.2000E+01
-18.330,0.1919E-48,0.2000E+01
-18.310,0.3984E-49,0.2000E+01
-18.290,0.8181E-50,0.2000E+01
-18.270,0.1662E-50,0.2000E+01
-18.250,0.3340E-51,0.2000E+01
-18.230,0.6642E-52,0.2000E+01
-18.210,0.1306E-52,0.2000E+01
-18.190,0.2542E-53,0.2000E+01
-18.170,0.4892E-54,0.2000E+01
-18.150,0.9316E-55,0.2000E+01
-18.130,0.1755E-55,0.2000E+01
-18.110,0.3270E-56,0.2000E+01
-18.090,0.6028E-57,0.2000E+01
-18.070,0.1099E-57,0.2000E+01
-18.050,0.1983E-58,0.2000E+01
-18.030,0.3539E-59,0.2000E+01
-18.010,0.6247E-60,0.2000E+01
-17.990,0.1091E-60,0.2000E+01
-17.970,0.1885E-61,0.2000E+01
-17.950,0.3222E-62,0.2000E+01
-17.930,0.5447E-63,0.2000E+01
-17.910,0.9111E-64,0.2000E+01
-17.890,0.1508E-64,0.2000E+01
-17.870,0.2468E-65,0.2000E+01
-17.850,0.3996E-66,0.2000E+01
-17.830,0.6400E-67,0.2000E+01
-17.810,0.1014E-67,0.2000E+01
-17.790,0.1590E-68,0.2000E+01
-17.770,0.2466E-69,0.2000E+01
-17.750,0.3782E-70,0.2000E+01
-17.730,0.5740E-71,0.2000E+01
-17.710,0.8618E-72,0.2000E+01
-17.690,0.1280E-72,0.2000E+01
-17.670,0.1880E-73,0.2000E+01
-17.650,0.2733E-74,0.2000E+01
-17.630,0.3930E-75,0.2000E+01
-17.610,0.5589E-76,0.2000E+01
-17.590,0.7865E-77,0.2000E+01
-17.570,0.1095E-77,0.2000E+01
-17.550,0.1507E-78,0.2000E+01
-17.530,0.2053E-79,0.2000E+01
-17.510,0.2767E-80,0.2000E+01
-17.490,0.3689E-81,0.2000E+01
-17.470,0.4870E-82,0.2000E+01
-17.450,0.6398E-83,0.2000E+01
-17.430,0.8706E-84,0.2000E+01
-17.410,0.1562E-84,0.2000E+01
-17.390,0.6485E-85,0.2000E+01
-17.370,0.5739E-85,0.2000E+01
-17.350,0.5739E-85,0.2000E+01
-17.330,0.5739E-85,0.2000E+01
-17.310,0.5739E-85,0.2000E+01
-17.290,0.5739E-85,0.2000E+01
-17.270,0.5739E-85,0.2000E+01
-17.250,0.5739E-85,0.2000E+01
-17.230,0.5739E-85,0.2000E+01
-17.210,0.5739E-85,0.2000E+01
-17.190,0.5739E-85,0.2000E+01
-17.170,0.5739E-85,0.2000E+01
-17.150,0.5739E-85,0.2000E+01
-17.130,0.5739E-85,0.2000E+01
-17.110,0.5739E-85,0.2000E+01
-17.090,0.5739E-85,0.2000E+01
-17.070,0.5739E-85,0.2000E+01
-17.050,0.5739E-85,0.2000E+01
-17.030,0.5739E-85,0.2000E+01
-17.010,0.5739E-85,0.2000E+01
-16.990,0.5739E-85,0.2000E+01
-16.970,0.5739E-85,0.2000E+01
-16.950,0.5739E-85,0.2000E+01
-16.930,0.5739E-85,0.2000E+01
-16.910,0.5739E-85,0.2000E+01
-16.890,0.5739E-85,0.2000E+01
-16.870,0.5739E-85,0.2000E+01
-16.850,0.5739E-85,0.2000E+01
-16.830,0.5739E-85,0.2000E+01
-16.810,0.5739E-85,0.2000E+01
-16.790,0.5739E-85,0.2000E+01
-16.770,0.5739E-85,0.2000E+01
-16.750,0.5739E-85,0.2000E+01
-16.730,0.5739E-85,0.2000E+01
-16.710,0.5739E-85,0.2000E+01
-16.690,0.5739E-85,0.2000E+01
-16.670,0.5739E-85,0.2000E+01
-16.650,0.5739E-85,0.2000E+01
-16.630,0.5739E-85,0.2000E+01
-16.610,0.5739E-85,0.2000E+01
-16.590,0.5739E-85,0.2000E+01
-16.570,0.5739E-85,0.2000E+01
-16.550,0.5739E-85,0.2000E+01
-16.530,0.5739E-85,0.2000E+01
-16.510,0.5739E-85,0.2000E+01
-16.490,0.5739E-85,0.2000E+01
-16.470,0.5739E-85,0.2000E+01
-16.450,0.5739E-85,0.2000E+01
-16.430,0.5739E-85,0.2000E+01
-16.410,0.5739E-85,0.2000E+01
-16.390,0.5739E-85,0.2000E+01
-16.370,0.5739E-85,0.2000E+01
-16.350,0.5739E-85,0.2000E+01
-16.330,0.5739E-85,0.2000E+01
-16.310,0.5739E-85,0.2000E+01
-16.290,0.5739E-85,0.2000E+01
-16.270,0.5739E-85,0.2000E+01
-16.250,0.5739E-85,0.2000E+01
-16.230,0.5739E-85,0.2000E+01
-16.210,0.5739E-85,0.2000E+01
-16.190,0.5739E-85,0.2000E+01
-16.170,0.5739E-85,0.2000E+01
-16.150,0.5739E-85,0.2000E+01
-16.130,0.5739E-85,0.2000E+01
-16.110,0.5739E-85,0.2000E+01
-16.090,0.5739E-85,0.2000E+01
-16.070,0.5739E-85,0.2000E+01
-16.050,0.5739E-85,0.2000E+01
-16.030,0.5739E-85,0.2000E+01
-16.010,0.5739E-85,0.2000E+01
-15.990,0.5739E-85,0.2000E+01
-15.970,0.5739E-85,0.2000E+01
-15.950,0.5739E-85,0.2000E+01
-15.930,0.5739E-85,0.2000E+01
-15.910,0.5739E-85,0.2000E+01
-15.890,0.5739E-85,0.2000E+01
-15.870,0.5739E-85,0.2000E+01
-15.850,0.5739E-85,0.2000E+01
-15.830,0.5739E-85,0.2000E+01
-15.810,0.5739E-85,0.2000E+01
-15.790,0.5739E-85,0.2000E+01
-15.770,0.5739E-85,0.2000E+01
-15.750,0.5739E-85,0.2000E+01
-15.730,0.5739E-85,0.2000E+01
-15.710,0.5739E-85,0.2000E+01
-15.690,0.5739E-85,0.2000E+01
-15.670,0.5739E-85,0.2000E+01
-15.650,0.5739E-85,0.2000E+01
-15.630,0.5739E-85,0.2000E+01
-15.610,0.5739E-85,0.2000E+01
-15.590,0.5739E-85,0.2000E+01
-15.570,0.5739E-85,0.2000E+01
-15.550,0.5739E-85,0.2000E+01
-15.530,0.5739E-85,0.2000E+01
-15.510,0.5739E-85,0.2000E+01
-15.490,0.5739E-85,0.2000E+01
-15.470,0.5739E-85,0.2000E+01
-15.450,0.5739E-85,0.2000E+01
-15.430,0.5739E-85,0.2000E+01
-15.410,0.5739E-85,0.2000E+01
-15.390,0.5739E-85,0.2000E+01
-15.370,0.5739E-85,0.2000E+01
-15.350,0.5739E-85,0.2000E+01
-15.330,0.5739E-85,0.2000E+01
-15.310,0.5739E-85,0.2000E+01
-15.290,0.5739E-85,0.2000E+01
-15.270,0.5739E-85,0.2000E+01
-15.250,0.5739E-85,0.2000E+01
-15.230,0.5739E-85,0.2000E+01
-15.210,0.5739E-85,0.2000E+01
-15.190,0.5739E-85,0.2000E+01
-15.170,0.5739E-85,0.2000E+01
-15.150,0.5739E-85,0.2000E+01
-15.130,0.5739E-85,0.2000E+01
-15.110,0.5739E-85,0.2000E+01
-15.090,0.5739E-85,0.2000E+01
-15.070,0.6076E-85,0.2000E+01
-15.050,0.1639E-84,0.2000E+01
-15.030,0.9724E-84,0.2000E+01
-15.010,0.7246E-83,0.2000E+01
-14.990,0.5540E-82,0.2000E+01
-14.970,0.4210E-81,0.2000E+01
-14.950,0.3167E-80,0.2000E+01
-14.930,0.2357E-79,0.2000E+01
-14.910,0.1735E-78,0.2000E+01
-14.890,0.1264E-77,0.2000E+01
-14.870,0.9105E-77,0.2000E+01
-14.850,0.6490E-76,0.2000E+01
-14.830,0.4576E-75,0.2000E+01
-14.810,0.3192E-74,0.2000E+01
-14.790,0.2202E-73,0.2000E+01
-14.770,0.1503E-72,0.2000E+01
-14.750,0.1015E-71,0.2000E+01
-14.730,0.6782E-71,0.2000E+01
-14.710,0.4482E-70,0.2000E+01
-14.690,0.2930E-69,0.2000E+01
-14.670,0.1895E-68,0.2000E+01
-14.650,0.1212E-67,0.2000E+01
-14.630,0.7672E-67,0.2000E+01
-14.610,0.4803E-66,0.2000E+01
-14.590,0.2975E-65,0.2000E+01
-14.570,0.1823E-64,0.2000E+01
-14.550,0.1105E-63,0.2000E+01
-14.530,0.6625E-63,0.2000E+01
-14.510,0.3930E-62,0.2000E+01
-14.490,0.2306E-61,0.2000E+01
-14.470,0.1339E-60,0.2000E+01
-14.450,0.7687E-60,0.2000E+01
-14.430,0.4367E-59,0.2000E+01
-14.410,0.2454E-58,0.2000E+01
-14.390,0.1364E-57,0.2000E+01
-14.370,0.7504E-57,0.2000E+01
-14.350,0.4083E-56,0.2000E+01
-14.330,0.2197E-55,0.2000E+01
-14.310,0.1170E-54,0.2000E+01
-14.290,0.6162E-54,0.2000E+01
-14.270,0.3211E-53,0.2000E+01
-14.250,0.1655E-52,0.2000E+01
-14.230,0.8439E-52,0.2000E+01
-14.210,0.4257E-51,0.2000E+01
-14.190,0.2124E-50,0.2000E+01
-14.170,0.1049E-49,0.2000E+01
-14.150,0.5121E-49,0.2000E+01
-14.130,0.2474E-48,0.2000E+01
-14.110,0.1182E-47,0.2000E+01
-14.090,0.5590E-47,0.2000E+01
-14.070,0.2615E-46,0.2000E+01
-14.050,0.1210E-45,0.2000E+01
-14.030,0.5537E-45,0.2000E+01
-14.010,0.2507E-44,0.2000E+01
-13.990,0.1123E-43,0.2000E+01
-13.970,0.4976E-43,0.2000E+01
-13.950,0.2181E-42,0.2000E+01
-13.930,0.9458E-42,0.2000E+01
-13.910,0.4057E-41,0.2000E+01
-13.890,0.1722E-40,0.2000E+01
-13.870,0.7228E-40,0.2000E+01
-13.850,0.3002E-39,0.2000E+01
-13.830,0.1233E-38,0.2000E+01
-13.810,0.5012E-38,0.2000E+01
-13.790,0.2015E-37,0.2000E+01
-13.770,0.8015E-37,0.2000E+01
-13.750,0.3154E-36,0.2000E+01
-13.730,0.1227E-35,0.2000E+01
-13.710,0.4726E-35,0.2000E+01
-13.690,0.1800E-34,0.2000E+01
-13.670,0.6784E-34,0.2000E+01
-13.650,0.2529E-33,0.2000E+01
-13.630,0.9325E-33,0.2000E+01
-13.610,0.3402E-32,0.2000E+01
-13.590,0.1228E-31,0.2000E+01
-13.570,0.4383E-31,0.2000E+01
-13.550,0.1548E-30,0.2000E+01
-13.530,0.5408E-30,0.2000E+01
-13.510,0.1869E-29,0.2000E+01
-13.490,0.6391E-29,0.2000E+01
-13.470,0.2162E-28,0.2000E+01
-13.450,0.7233E-28,0.2000E+01
-13.430,0.2394E-27,0.2000E+01
-13.410,0.7839E-27,0.2000E+01
-13.390,0.2539E-26,0.2000E+01
-13.370,0.8137E-26,0.2000E+01
-13.350,0.2580E-25,0.2000E+01
-13.330,0.8090E-25,0.2000E+01
-13.310,0.2510E-24,0.2000E+01
-13.290,0.7702E-24,0.2000E+01
-13.270,0.2338E-23,0.2000E+01
-13.250,0.7023E-23,0.2000E+01
-13.230,0.2087E-22,0.2000E+01
-13.210,0.6133E-22,0.2000E+01
-13.190,0.1783E-21,0.2000E+01
-13.170,0.5129E-21,0.2000E+01
-13.150,0.1459E-20,0.2000E+01
-13.130,0.4108E-20,0.2000E+01
-13.110,0.1144E-19,0.2000E+01
-13.090,0.3151E-19,0.2000E+01
-13.070,0.8588E-19,0.2000E+01
-13.050,0.2315E-18,0.2000E+01
-13.030,0.6174E-18,0.2000E+01
-13.010,0.1629E-17,0.2000E+01
-12.990,0.4251E-17,0.2000E+01
-12.970,0.1098E-16,0.2000E+01
-12.950,0.2803E-16,0.2000E+01
-12.930,0.7083E-16,0.2000E+01
-12.910,0.1770E-15,0.2000E+01
-12.890,0.4377E-15,0.2000E+01
-12.870,0.1071E-14,0.2000E+01
-12.850,0.2591E-14,0.2000E+01
-12.830,0.6202E-14,0.2000E+01
-12.810,0.1469E-13,0.2000E+01
-12.790,0.3441E-13,0.2000E+01
-12.770,0.7973E-13,0.2000E+01
-12.750,0.1828E-12,0.2000E+01
-12.730,0.4146E-12,0.2000E+01
-12.710,0.9301E-12,0.2000E+01
-12.690,0.2064E-11,0.2000E+01
-12.670,0.4532E-11,0.2000E+01
-12.650,0.9844E-11,0.2000E+01
-12.630,0.2115E-10,0.2000E+01
-12.610,0.4496E-10,0.2000E+01
-12.590,0.9454E-10,0.2000E+01
-12.570,0.1967E-09,0.2000E+01
-12.550,0.4047E-09,0.2000E+01
-12.530,0.8238E-09,0.2000E+01
-12.510,0.1659E-08,0.2000E+01
-12.490,0.3305E-08,0.2000E+01
-12.470,0.6513E-08,0.2000E+01
-12.450,0.1270E-07,0.2000E+01
-12.430,0.2449E-07,0.2000E+01
-12.410,0.4673E-07,0.2000E+01
-12.390,0.8819E-07,0.2000E+01
-12.370,0.1647E-06,0.2000E+01
-12.350,0.3042E-06,0.2000E+01
-12.330,0.5558E-06,0.2000E+01
-12.310,0.1005E-05,0.2000E+01
-12.290,0.1796E-05,0.2000E+01
-12.270,0.3178E-05,0.2000E+01
-12.250,0.5561E-05,0.2000E+01
-12.230,0.9627E-05,0.2000E+01
-12.210,0.1649E-04,0.2000E+01
-12.190,0.2793E-04,0.2000E+01
-12.170,0.4681E-04,0.2000E+01
-12.150,0.7761E-04,0.2000E+01
-12.130,0.1273E-03,0.2000E+01
-12.110,0.2065E-03,0.2000E+01
-12.090,0.3315E-03,0.2000E+01
-12.070,0.5264E-03,0.2000E+01
-12.050,0.8268E-03,0.2000E+01
-12.030,0.1285E-02,0.2000E+01
-12.010,0.1975E-02,0.2000E+01
-11.990,0.3003E-02,0.2000E+01
-11.970,0.4518E-02,0.2000E+01
-11.950,0.6723E-02,0.2000E+01
-11.930,0.9898E-02,0.2001E+01
-11.910,0.1441E-01,0.2001E+01
-11.890,0.2077E-01,0.2001E+01
-11.870,0.2960E-01,0.2002E+01
-11.850,0.4173E-01,0.2003E+01
-11.830,0.5821E-01,0.2004E+01
-11.810,0.8031E-01,0.2005E+01
-11.790,0.1096E+00,0.2008E+01
-11.770,0.1480E+00,0.2011E+01
-11.750,0.1977E+00,0.2015E+01
-11.730,0.2613E+00,0.2020E+01
-11.710,0.3416E+00,0.2027E+01
-11.690,0.4417E+00,0.2035E+01
-11.670,0.5651E+00,0.2047E+01
-11.650,0.7151E+00,0.2061E+01
-11.630,0.8953E+00,0.2079E+01
-11.610,0.1109E+01,0.2101E+01
-11.590,0.1359E+01,0.2128E+01
-11.570,0.1647E+01,0.2161E+01
-11.550,0.1974E+01,0.2201E+01
-11.530,0.2342E+01,0.2248E+01
-11.510,0.2748E+01,0.2303E+01
-11.490,0.3190E+01,0.2366E+01
-11.470,0.3663E+01,0.2440E+01
-11.450,0.4161E+01,0.2523E+01
-11.430,0.4675E+01,0.2616E+01
-11.410,0.5198E+01,0.2720E+01
-11.390,0.5716E+01,0.2835E+01
-11.370,0.6218E+01,0.2959E+01
-11.350,0.6693E+01,0.3093E+01
-11.330,0.7125E+01,0.3235E+01
-11.310,0.7505E+01,0.3385E+01
-11.290,0.7819E+01,0.3542E+01
-11.270,0.8059E+01,0.3703E+01
-11.250,0.8218E+01,0.3867E+01
-11.230,0.8289E+01,0.4033E+01
-11.210,0.8271E+01,0.4199E+01
-11.190,0.8165E+01,0.4362E+01
-11.170,0.7973E+01,0.4521E+01
-11.150,0.7702E+01,0.4675E+01
-11.130,0.7360E+01,0.4823E+01
-11.110,0.6958E+01,0.4962E+01
-11.090,0.6508E+01,0.5092E+01
-11.070,0.6021E+01,0.5212E+01
-11.050,0.5510E+01,0.5322E+01
-11.030,0.4989E+01,0.5422E+01
-11.010,0.4468E+01,0.5512E+01
-10.990,0.3959E+01,0.5591E+01
-10.970,0.3470E+01,0.5660E+01
-10.950,0.3009E+01,0.5720E+01
-10.930,0.2581E+01,0.5772E+01
-10.910,0.2190E+01,0.5816E+01
-10.890,0.1839E+01,0.5853E+01
-10.870,0.1527E+01,0.5883E+01
-10.850,0.1254E+01,0.5908E+01
-10.830,0.1019E+01,0.5929E+01
-10.810,0.8196E+00,0.5945E+01
-10.790,0.6518E+00,0.5958E+01
-10.770,0.5128E+00,0.5968E+01
-10.750,0.3992E+00,0.5976E+01
-10.730,0.3073E+00,0.5982E+01
-10.710,0.2341E+00,0.5987E+01
-10.690,0.1764E+00,0.5991E+01
-10.670,0.1315E+00,0.5993E+01
-10.650,0.9695E-01,0.5995E+01
-10.630,0.7072E-01,0.5997E+01
-10.610,0.5104E-01,0.5998E+01
-10.590,0.3643E-01,0.5998E+01
-10.570,0.2573E-01,0.5999E+01
-10.550,0.1798E-01,0.5999E+01
-10.530,0.1242E-01,0.5999E+01
-10.510,0.8493E-02,0.6000E+01
-10.490,0.5744E-02,0.6000E+01
-10.470,0.3843E-02,0.6000E+01
-10.450,0.2544E-02,0.6000E+01
-10.430,0.1666E-02,0.6000E+01
-10.410,0.1079E-02,0.6000E+01
-10.390,0.6913E-03,0.6000E+01
-10.370,0.4382E-03,0.6000E+01
-10.350,0.2748E-03,0.6000E+01
-10.330,0.1705E-03,0.6000E+01
-10.310,0.1046E-03,0.6000E+01
-10.290,0.6351E-04,0.6000E+01
-10.270,0.3814E-04,0.6000E+01
-10.250,0.2266E-04,0.6000E+01
-10.230,0.1332E-04,0.6000E+01
-10.210,0.7744E-05,0.6000E+01
-10.190,0.4454E-05,0.6000E+01
-10.170,0.2534E-05,0.6000E+01
-10.150,0.1426E-05,0.6000E+01
-10.130,0.7942E-06,0.6000E+01
-10.110,0.4375E-06,0.6000E+01
-10.090,0.2384E-06,0.6000E+01
-10.070,0.1285E-06,0.6000E+01
-10.050,0.6853E-07,0.6000E+01
-10.030,0.3615E-07,0.6000E+01
-10.010,0.1887E-07,0.6000E+01
-9.990,0.9741E-08,0.6000E+01
-9.970,0.4975E-08,0.6000E+01
-9.950,0.2513E-08,0.6000E+01
-9.930,0.1256E-08,0.6000E+01
-9.910,0.6211E-09,0.6000E+01
-9.890,0.3038E-09,0.6000E+01
-9.870,0.1470E-09,0.6000E+01
-9.850,0.7037E-10,0.6000E+01
-9.830,0.3332E-10,0.6000E+01
-9.810,0.1561E-10,0.6000E+01
-9.790,0.7233E-11,0.6000E+01
-9.770,0.3316E-11,0.6000E+01
-9.750,0.1504E-11,0.6000E+01
-9.730,0.6746E-12,0.6000E+01
-9.710,0.2994E-12,0.6000E+01
-9.690,0.1314E-12,0.6000E+01
-9.670,0.5709E-13,0.6000E+01
-9.650,0.2453E-13,0.6000E+01
-9.630,0.1043E-13,0.6000E+01
-9.610,0.4383E-14,0.6000E+01
-9.590,0.1823E-14,0.6000E+01
-9.570,0.7503E-15,0.6000E+01
-9.550,0.3054E-15,0.6000E+01
-9.530,0.1230E-15,0.6000E+01
-9.510,0.4899E-16,0.6000E+01
-9.490,0.1931E-16,0.6000E+01
-9.470,0.7526E-17,0.6000E+01
-9.450,0.2903E-17,0.6000E+01
-9.430,0.1107E-17,0.6000E+01
-9.410,0.4179E-18,0.6000E+01
-9.390,0.1560E-18,0.6000E+01
-9.370,0.5763E-19,0.6000E+01
-9.350,0.2106E-19,0.6000E+01
-9.330,0.7612E-20,0.6000E+01
-9.310,0.2722E-20,0.6000E+01
-9.290,0.9627E-21,0.6000E+01
-9.270,0.3369E-21,0.6000E+01
-9.250,0.1166E-21,0.6000E+01
-9.230,0.3994E-22,0.6000E+01
-9.210,0.1353E-22,0.6000E+01
-9.190,0.4534E-23,0.6000E+01
-9.170,0.1503E-23,0.6000E+01
-9.150,0.4930E-24,0.6000E+01
-9.130,0.1599E-24,0.6000E+01
-9.110,0.5133E-25,0.6000E+01
-9.090,0.1630E-25,0.6000E+01
-9.070,0.5119E-26,0.6000E+01
-9.050,0.1591E-26,0.6000E+01
-9.030,0.4889E-27,0.6000E+01
-9.010,0.1487E-27,0.6000E+01
-8.990,0.4472E-28,0.6000E+01
-8.970,0.1331E-28,0.6000E+01
-8.950,0.3918E-29,0.6000E+01
-8.930,0.1141E-29,0.6000E+01
-8.910,0.3287E-30,0.6000E+01
-8.890,0.9368E-31,0.6000E+01
-8.870,0.2641E-31,0.6000E+01
-8.850,0.7366E-32,0.6000E+01
-8.830,0.2032E-32,0.6000E+01
-8.810,0.5547E-33,0.6000E+01
-8.790,0.1498E-33,0.6000E+01
-8.770,0.4001E-34,0.6000E+01
-8.750,0.1057E-34,0.6000E+01
-8.730,0.2765E-35,0.6000E+01
-8.710,0.7211E-36,0.6000E+01
-8.690,0.2089E-36,0.6000E+01
-8.670,0.1492E-36,0.6000E+01
-8.650,0.4136E-36,0.6000E+01
-8.630,0.1556E-35,0.6000E+01
-8.610,0.5938E-35,0.6000E+01
-8.590,0.2245E-34,0.6000E+01
-8.570,0.8397E-34,0.6000E+01
-8.550,0.3107E-33,0.6000E+01
-8.530,0.1137E-32,0.6000E+01
-8.510,0.4119E-32,0.6000E+01
-8.490,0.1476E-31,0.6000E+01
-8.470,0.5229E-31,0.6000E+01
-8.450,0.1833E-30,0.6000E+01
-8.430,0.6358E-30,0.6000E+01
-8.410,0.2181E-29,0.6000E+01
-8.390,0.7403E-29,0.6000E+01
-8.370,0.2486E-28,0.6000E+01
-8.350,0.8256E-28,0.6000E+01
-8.330,0.2713E-27,0.6000E+01
-8.310,0.8818E-27,0.6000E+01
-8.290,0.2835E-26,0.6000E+01
-8.270,0.9019E-26,0.6000E+01
-8.250,0.2838E-25,0.6000E+01
-8.230,0.8835E-25,0.6000E+01
-8.210,0.2721E-24,0.6000E+01
-8.190,0.8288E-24,0.6000E+01
-8.170,0.2498E-23,0.6000E+01
-8.150,0.7446E-23,0.6000E+01
-8.130,0.2196E-22,0.6000E+01
-8.110,0.6407E-22,0.6000E+01
-8.090,0.1849E-21,0.6000E+01
-8.070,0.5280E-21,0.6000E+01
-8.050,0.1491E-20,0.6000E+01
-8.030,0.4167E-20,0.6000E+01
-8.010,0.1152E-19,0.6000E+01
-7.990,0.3150E-19,0.6000E+01
-7.970,0.8520E-19,0.6000E+01
-7.950,0.2280E-18,0.6000E+01
-7.930,0.6035E-18,0.6000E+01
-7.910,0.1581E-17,0.6000E+01
-7.890,0.4095E-17,0.6000E+01
-7.870,0.1049E-16,0.6000E+01
-7.850,0.2660E-16,0.6000E+01
-7.830,0.6672E-16,0.6000E+01
-7.810,0.1655E-15,0.6000E+01
-7.790,0.4063E-15,0.6000E+01
-7.770,0.9865E-15,0.6000E+01
-7.750,0.2370E-14,0.6000E+01
-7.730,0.5630E-14,0.6000E+01
-7.710,0.1323E-13,0.6000E+01
-7.690,0.3077E-13,0.6000E+01
-7.670,0.7079E-13,0.6000E+01
-7.650,0.1611E-12,0.6000E+01
-7.630,0.3626E-12,0.6000E+01
-7.610,0.8076E-12,0.6000E+01
-7.590,0.1779E-11,0.6000E+01
-7.570,0.3877E-11,0.6000E+01
-7.550,0.8360E-11,0.6000E+01
-7.530,0.1783E-10,0.6000E+01
-7.510,0.3762E-10,0.6000E+01
-7.490,0.7851E-10,0.6000E+01
-7.470,0.1621E-09,0.6000E+01
-7.450,0.3311E-09,0.6000E+01
-7.430,0.6691E-09,0.6000E+01
-7.410,0.1337E-08,0.6000E+01
-7.390,0.2645E-08,0.6000E+01
-7.370,0.5174E-08,0.6000E+01
-7.350,0.1001E-07,0.6000E+01
-7.330,0.1917E-07,0.6000E+01
-7.310,0.3630E-07,0.6000E+01
-7.290,0.6800E-07,0.6000E+01
-7.270,0.1260E-06,0.6000E+01
-7.250,0.2310E-06,0.6000E+01
-7.230,0.4191E-06,0.6000E+01
-7.210,0.7519E-06,0.6000E+01
-7.190,0.1334E-05,0.6000E+01
-7.170,0.2343E-05,0.6000E+01
-7.150,0.4070E-05,0.6000E+01
-7.130,0.6994E-05,0.6000E+01
-7.110,0.1189E-04,0.6000E+01
-7.090,0.1999E-04,0.6000E+01
-7.070,0.3326E-04,0.6000E+01
-7.050,0.5473E-04,0.6000E+01
-7.030,0.8909E-04,0.6000E+01
-7.010,0.1435E-03,0.6000E+01
-6.990,0.2286E-03,0.6000E+01
-6.970,0.3603E-03,0.6000E+01
-6.950,0.5617E-03,0.6000E+01
-6.930,0.8663E-03,0.6000E+01
-6.910,0.1322E-02,0.6000E+01
-6.890,0.1995E-02,0.6000E+01
-6.870,0.2979E-02,0.6000E+01
-6.850,0.4400E-02,0.6000E+01
-6.830,0.6430E-02,0.6000E+01
-6.810,0.9294E-02,0.6001E+01
-6.790,0.1329E-01,0.6001E+01
-6.770,0.1880E-01,0.6001E+01
-6.750,0.2631E-01,0.6002E+01
-6.730,0.3643E-01,0.6002E+01
-6.710,0.4989E-01,0.6003E+01
-6.690,0.6758E-01,0.6005E+01
-6.670,0.9058E-01,0.6007E+01
-6.650,0.1201E+00,0.6009E+01
-6.630,0.1575E+00,0.6012E+01
-6.610,0.2044E+00,0.6016E+01
-6.590,0.2623E+00,0.6022E+01
-6.570,0.3331E+00,0.6028E+01
-6.550,0.4184E+00,0.6037E+01
-6.530,0.5199E+00,0.6047E+01
-6.510,0.6391E+00,0.6060E+01
-6.490,0.7772E+00,0.6075E+01
-6.470,0.9350E+00,0.6094E+01
-6.450,0.1113E+01,0.6116E+01
-6.430,0.1310E+01,0.6142E+01
-6.410,0.1526E+01,0.6173E+01
-6.390,0.1758E+01,0.6208E+01
-6.370,0.2003E+01,0.6248E+01
-6.350,0.2259E+01,0.6293E+01
-6.330,0.2519E+01,0.6344E+01
-6.310,0.2780E+01,0.6399E+01
-6.290,0.3034E+01,0.6460E+01
-6.270,0.3276E+01,0.6525E+01
-6.250,0.3499E+01,0.6595E+01
-6.230,0.3698E+01,0.6669E+01
-6.210,0.3866E+01,0.6747E+01
-6.190,0.3997E+01,0.6827E+01
-6.170,0.4089E+01,0.6908E+01
-6.150,0.4139E+01,0.6991E+01
-6.130,0.4143E+01,0.7074E+01
-6.110,0.4103E+01,0.7156E+01
-6.090,0.4020E+01,0.7237E+01
-6.070,0.3896E+01,0.7315E+01
-6.050,0.3736E+01,0.7389E+01
-6.030,0.3543E+01,0.7460E+01
-6.010,0.3325E+01,0.7527E+01
-5.990,0.3086E+01,0.7588E+01
-5.970,0.2834E+01,0.7645E+01
-5.950,0.2574E+01,0.7696E+01
-5.930,0.2313E+01,0.7743E+01
-5.910,0.2056E+01,0.7784E+01
-5.890,0.1808E+01,0.7820E+01
-5.870,0.1573E+01,0.7852E+01
-5.850,0.1354E+01,0.7879E+01
-5.830,0.1153E+01,0.7902E+01
-5.810,0.9708E+00,0.7921E+01
-5.790,0.8088E+00,0.7937E+01
-5.770,0.6666E+00,0.7951E+01
-5.750,0.5435E+00,0.7961E+01
-5.730,0.4384E+00,0.7970E+01
-5.710,0.3498E+00,0.7977E+01
-5.690,0.2761E+00,0.7983E+01
-5.670,0.2156E+00,0.7987E+01
-5.650,0.1666E+00,0.7990E+01
-5.630,0.1273E+00,0.7993E+01
-5.610,0.9622E-01,0.7995E+01
-5.590,0.7195E-01,0.7996E+01
-5.570,0.5323E-01,0.7997E+01
-5.550,0.3896E-01,0.7998E+01
-5.530,0.2821E-01,0.7999E+01
-5.510,0.2020E-01,0.7999E+01
-5.490,0.1431E-01,0.7999E+01
-5.470,0.1003E-01,0.8000E+01
-5.450,0.6955E-02,0.8000E+01
-5.430,0.4771E-02,0.8000E+01
-5.410,0.3237E-02,0.8000E+01
-5.390,0.2173E-02,0.8000E+01
-5.370,0.1443E-02,0.8000E+01
-5.350,0.9479E-03,0.8000E+01
-5.330,0.6160E-03,0.8000E+01
-5.310,0.3960E-03,0.8000E+01
-5.290,0.2518E-03,0.8000E+01
-5.270,0.1584E-03,0.8000E+01
-5.250,0.9860E-04,0.8000E+01
-5.230,0.6070E-04,0.8000E+01
-5.210,0.3697E-04,0.8000E+01
-5.190,0.2228E-04,0.8000E+01
-5.170,0.1328E-04,0.8000E+01
-5.150,0.7829E-05,0.8000E+01
-5.130,0.4566E-05,0.8000E+01
-5.110,0.2635E-05,0.8000E+01
-5.090,0.1504E-05,0.8000E+01
-5.070,0.8493E-06,0.8000E+01
-5.050,0.4745E-06,0.8000E+01
-5.030,0.2622E-06,0.8000E+01
-5.010,0.1433E-06,0.8000E+01
-4.990,0.7752E-07,0.8000E+01
-4.970,0.4147E-07,0.8000E+01
-4.950,0.2195E-07,0.8000E+01
-4.930,0.1149E-07,0.8000E+01
-4.910,0.5952E-08,0.8000E+01
-4.890,0.3049E-08,0.8000E+01
-4.870,0.1546E-08,0.8000E+01
-4.850,0.7750E-09,0.8000E+01
-4.830,0.3844E-09,0.8000E+01
-4.810,0.1886E-09,0.8000E+01
-4.790,0.9157E-10,0.8000E+01
-4.770,0.4397E-10,0.8000E+01
-4.750,0.2089E-10,0.8000E+01
-4.730,0.9816E-11,0.8000E+01
-4.710,0.4564E-11,0.8000E+01
-4.690,0.2099E-11,0.8000E+01
-4.670,0.9548E-12,0.8000E+01
-4.650,0.4297E-12,0.8000E+01
-4.630,0.1913E-12,0.8000E+01
-4.610,0.8427E-13,0.8000E+01
-4.590,0.3672E-13,0.8000E+01
-4.570,0.1583E-13,0.8000E+01
-4.550,0.6748E-14,0.8000E+01
-4.530,0.2847E-14,0.8000E+01
-4.510,0.1188E-14,0.8000E+01
-4.490,0.4903E-15,0.8000E+01
-4.470,0.2002E-15,0.8000E+01
-4.450,0.8089E-16,0.8000E+01
-4.430,0.3233E-16,0.8000E+01
-4.410,0.1278E-16,0.8000E+01
-4.390,0.4998E-17,0.8000E+01
-4.370,0.1934E-17,0.8000E+01
-4.350,0.7401E-18,0.8000E+01
-4.330,0.2802E-18,0.8000E+01
-4.310,0.1049E-18,0.8000E+01
-4.290,0.3889E-19,0.8000E+01
-4.270,0.1425E-19,0.8000E+01
-4.250,0.5168E-20,0.8000E+01
-4.230,0.1854E-20,0.8000E+01
-4.210,0.6579E-21,0.8000E+01
-4.190,0.2309E-21,0.8000E+01
-4.170,0.8020E-22,0.8000E+01
-4.150,0.2755E-22,0.8000E+01
-4.130,0.9363E-23,0.8000E+01
-4.110,0.3148E-23,0.8000E+01
-4.090,0.1047E-23,0.8000E+01
-4.070,0.3444E-24,0.8000E+01
-4.050,0.1121E-24,0.8000E+01
-4.030,0.3609E-25,0.8000E+01
-4.010,0.1150E-25,0.8000E+01
-3.990,0.3622E-26,0.8000E+01
-3.970,0.1129E-26,0.8000E+01
-3.950,0.3481E-27,0.8000E+01
-3.930,0.1062E-27,0.8000E+01
-3.910,0.3205E-28,0.8000E+01
-3.890,0.9567E-29,0.8000E+01
-3.870,0.2825E-29,0.8000E+01
-3.850,0.8253E-30,0.8000E+01
-3.830,0.2385E-30,0.8000E+01
-3.810,0.6819E-31,0.8000E+01
-3.790,0.1929E-31,0.8000E+01
-3.770,0.5396E-32,0.8000E+01
-3.750,0.1493E-32,0.8000E+01
-3.730,0.4089E-33,0.8000E+01
-3.710,0.1108E-33,0.8000E+01
-3.690,0.2968E-34,0.8000E+01
-3.670,0.7866E-35,0.8000E+01
-3.650,0.2063E-35,0.8000E+01
-3.630,0.5351E-36,0.8000E+01
-3.610,0.1373E-36,0.8000E+01
-3.590,0.3486E-37,0.8000E+01
-3.570,0.8754E-38,0.8000E+01
-3.550,0.2175E-38,0.8000E+01
-3.530,0.5345E-39,0.8000E+01
-3.510,0.1300E-39,0.8000E+01
-3.490,0.3145E-40,0.8000E+01
-3.470,0.8309E-41,0.8000E+01
-3.450,0.5483E-41,0.8000E+01
-3.430,0.1618E-40,0.8000E+01
-3.410,0.6600E-40,0.8000E+01
-3.390,0.2725E-39,0.8000E+01
-3.370,0.1115E-38,0.8000E+01
-3.350,0.4509E-38,0.8000E+01
-3.330,0.1805E-37,0.8000E+01
-3.310,0.7147E-37,0.8000E+01
-3.290,0.2799E-36,0.8000E+01
-3.270,0.1085E-35,0.8000E+01
-3.250,0.4158E-35,0.8000E+01
-3.230,0.1577E-34,0.8000E+01
-3.210,0.5915E-34,0.8000E+01
-3.190,0.2195E-33,0.8000E+01
-3.170,0.8059E-33,0.8000E+01
-3.150,0.2927E-32,0.8000E+01
-3.130,0.1051E-31,0.8000E+01
-3.110,0.3737E-31,0.8000E+01
-3.090,0.1314E-30,0.8000E+01
-3.070,0.4570E-30,0.8000E+01
-3.050,0.1572E-29,0.8000E+01
-3.030,0.5352E-29,0.8000E+01
-3.010,0.1802E-28,0.8000E+01
-2.990,0.6003E-28,0.8000E+01
-2.970,0.1978E-27,0.8000E+01
-2.950,0.6448E-27,0.8000E+01
-2.930,0.2079E-26,0.8000E+01
-2.910,0.6633E-26,0.8000E+01
-2.890,0.2093E-25,0.8000E+01
-2.870,0.6535E-25,0.8000E+01
-2.850,0.2018E-24,0.8000E+01
-2.830,0.6167E-24,0.8000E+01
-2.810,0.1864E-23,0.8000E+01
-2.790,0.5572E-23,0.8000E+01
-2.770,0.1648E-22,0.8000E+01
-2.750,0.4822E-22,0.8000E+01
-2.730,0.1396E-21,0.8000E+01
-2.710,0.3997E-21,0.8000E+01
-2.690,0.1132E-20,0.8000E+01
-2.670,0.3173E-20,0.8000E+01
-2.650,0.8795E-20,0.8000E+01
-2.630,0.2412E-19,0.8000E+01
-2.610,0.6543E-19,0.8000E+01
-2.590,0.1756E-18,0.8000E+01
-2.570,0.4662E-18,0.8000E+01
-2.550,0.1224E-17,0.8000E+01
-2.530,0.3181E-17,0.8000E+01
-2.510,0.8175E-17,0.8000E+01
-2.490,0.2079E-16,0.8000E+01
-2.470,0.5228E-16,0.8000E+01
-2.450,0.1301E-15,0.8000E+01
-2.430,0.3202E-15,0.8000E+01
-2.410,0.7797E-15,0.8000E+01
-2.390,0.1878E-14,0.8000E+01
-2.370,0.4476E-14,0.8000E+01
-2.350,0.1055E-13,0.8000E+01
-2.330,0.2460E-13,0.8000E+01
-2.310,0.5676E-13,0.8000E+01
-2.290,0.1295E-12,0.8000E+01
-2.270,0.2925E-12,0.8000E+01
-2.250,0.6532E-12,0.8000E+01
-2.230,0.1443E-11,0.8000E+01
-2.210,0.3154E-11,0.8000E+01
-2.190,0.6820E-11,0.8000E+01
-2.170,0.1459E-10,0.8000E+01
-2.150,0.3087E-10,0.8000E+01
-2.130,0.6461E-10,0.8000E+01
-2.110,0.1338E-09,0.8000E+01
-2.090,0.2741E-09,0.8000E+01
-2.070,0.5554E-09,0.8000E+01
-2.050,0.1113E-08,0.8000E+01
-2.030,0.2208E-08,0.8000E+01
-2.010,0.4331E-08,0.8000E+01
-1.990,0.8406E-08,0.8000E+01
-1.970,0.1614E-07,0.8000E+01
-1.950,0.3065E-07,0.8000E+01
-1.930,0.5759E-07,0.8000E+01
-1.910,0.1070E-06,0.8000E+01
-1.890,0.1968E-06,0.8000E+01
-1.870,0.3580E-06,0.8000E+01
-1.850,0.6441E-06,0.8000E+01
-1.830,0.1147E-05,0.8000E+01
-1.810,0.2019E-05,0.8000E+01
-1.790,0.3517E-05,0.8000E+01
-1.770,0.6061E-05,0.8000E+01
-1.750,0.1033E-04,0.8000E+01
-1.730,0.1742E-04,0.8000E+01
-1.710,0.2907E-04,0.8000E+01
-1.690,0.4798E-04,0.8000E+01
-1.670,0.7833E-04,0.8000E+01
-1.650,0.1265E-03,0.8000E+01
-1.630,0.2021E-03,0.8000E+01
-1.610,0.3195E-03,0.8000E+01
-1.590,0.4995E-03,0.8000E+01
-1.570,0.7727E-03,0.8000E+01
-1.550,0.1182E-02,0.8000E+01
-1.530,0.1790E-02,0.8000E+01
-1.510,0.2680E-02,0.8000E+01
-1.490,0.3970E-02,0.8000E+01
-1.470,0.5818E-02,0.8000E+01
-1.450,0.8434E-02,0.8001E+01
-1.430,0.1210E-01,0.8001E+01
-1.410,0.1716E-01,0.8001E+01
-1.390,0.2408E-01,0.8002E+01
-1.370,0.3344E-01,0.8002E+01
-1.350,0.4593E-01,0.8003E+01
-1.330,0.6240E-01,0.8004E+01
-1.310,0.8387E-01,0.8006E+01
-1.290,0.1115E+00,0.8008E+01
-1.270,0.1467E+00,0.8011E+01
-1.250,0.1909E+00,0.8015E+01
-1.230,0.2457E+00,0.8020E+01
-1.210,0.3129E+00,0.8026E+01
-1.190,0.3942E+00,0.8034E+01
-1.170,0.4912E+00,0.8044E+01
-1.150,0.6056E+00,0.8056E+01
-1.130,0.7385E+00,0.8071E+01
-1.110,0.8910E+00,0.8089E+01
-1.090,0.1063E+01,0.8110E+01
-1.070,0.1256E+01,0.8135E+01
-1.050,0.1466E+01,0.8164E+01
-1.030,0.1694E+01,0.8198E+01
-1.010,0.1937E+01,0.8237E+01
-0.990,0.2190E+01,0.8281E+01
-0.970,0.2449E+01,0.8330E+01
-0.950,0.2711E+01,0.8384E+01
-0.930,0.2967E+01,0.8443E+01
-0.910,0.3213E+01,0.8508E+01
-0.890,0.3442E+01,0.8576E+01
-0.870,0.3648E+01,0.8649E+01
-0.850,0.3825E+01,0.8726E+01
-0.830,0.3967E+01,0.8805E+01
-0.810,0.4070E+01,0.8887E+01
-0.790,0.4132E+01,0.8969E+01
-0.770,0.4149E+01,0.9052E+01
-0.750,0.4122E+01,0.9135E+01
-0.730,0.4052E+01,0.9216E+01
-0.710,0.3942E+01,0.9295E+01
-0.690,0.3794E+01,0.9370E+01
-0.670,0.3615E+01,0.9443E+01
-0.650,0.3409E+01,0.9511E+01
-0.630,0.3185E+01,0.9575E+01
-0.610,0.2948E+01,0.9634E+01
-0.590,0.2706E+01,0.9688E+01
-0.570,0.2466E+01,0.9737E+01
-0.550,0.2236E+01,0.9782E+01
-0.530,0.2020E+01,0.9822E+01
-0.510,0.1825E+01,0.9859E+01
-0.490,0.1657E+01,0.9892E+01
-0.470,0.1518E+01,0.9922E+01
-0.450,0.1413E+01,0.9950E+01
-0.430,0.1344E+01,0.9977E+01
-0.410,0.1313E+01,0.1000E+02
-0.390,0.1320E+01,0.1003E+02
-0.370,0.1367E+01,0.1006E+02
-0.350,0.1452E+01,0.1009E+02
-0.330,0.1575E+01,0.1012E+02
-0.310,0.1734E+01,0.1015E+02
-0.290,0.1926E+01,0.1019E+02
-0.270,0.2148E+01,0.1023E+02
-0.250,0.2398E+01,0.1028E+02
-0.230,0.2671E+01,0.1034E+02
-0.210,0.2964E+01,0.1039E+02
-0.190,0.3272E+01,0.1046E+02
-0.170,0.3594E+01,0.1053E+02
-0.150,0.3925E+01,0.1061E+02
-0.130,0.4264E+01,0.1070E+02
-0.110,0.4609E+01,0.1079E+02
-0.090,0.4960E+01,0.1089E+02
-0.070,0.5319E+01,0.1099E+02
-0.050,0.5687E+01,0.1111E+02
-0.030,0.6069E+01,0.1123E+02
-0.010,0.6469E+01,0.1136E+02
0.010,0.6891E+01,0.1150E+02
0.030,0.7342E+01,0.1164E+02
0.050,0.7825E+01,0.1180E+02
0.070,0.8344E+01,0.1197E+02
0.090,0.8903E+01,0.1214E+02
0.110,0.9500E+01,0.1233E+02
0.130,0.1013E+02,0.1254E+02
0.150,0.1080E+02,0.1275E+02
0.170,0.1149E+02,0.1298E+02
0.190,0.1219E+02,0.1323E+02
0.210,0.1289E+02,0.1348E+02
0.230,0.1357E+02,0.1376E+02
0.250,0.1422E+02,0.1404E+02
0.270,0.1481E+02,0.1434E+02
0.290,0.1533E+02,0.1464E+02
0.310,0.1575E+02,0.1496E+02
0.330,0.1607E+02,0.1528E+02
0.350,0.1626E+02,0.1560E+02
0.370,0.1632E+02,0.1593E+02
0.390,0.1624E+02,0.1626E+02
0.410,0.1603E+02,0.1658E+02
0.430,0.1567E+02,0.1689E+02
0.450,0.1518E+02,0.1719E+02
0.470,0.1457E+02,0.1748E+02
0.490,0.1386E+02,0.1776E+02
0.510,0.1306E+02,0.1802E+02
0.530,0.1218E+02,0.1827E+02
0.550,0.1126E+02,0.1849E+02
0.570,0.1030E+02,0.1870E+02
0.590,0.9337E+01,0.1888E+02
0.610,0.8380E+01,0.1905E+02
0.630,0.7448E+01,0.1920E+02
0.650,0.6555E+01,0.1933E+02
0.670,0.5712E+01,0.1945E+02
0.690,0.4928E+01,0.1955E+02
0.710,0.4210E+01,0.1963E+02
0.730,0.3561E+01,0.1970E+02
0.750,0.2982E+01,0.1976E+02
0.770,0.2473E+01,0.1981E+02
0.790,0.2030E+01,0.1985E+02
0.810,0.1650E+01,0.1988E+02
0.830,0.1327E+01,0.1991E+02
0.850,0.1057E+01,0.1993E+02
0.870,0.8335E+00,0.1995E+02
0.890,0.6506E+00,0.1996E+02
0.910,0.5027E+00,0.1997E+02
0.930,0.3845E+00,0.1998E+02
0.950,0.2911E+00,0.1998E+02
0.970,0.2181E+00,0.1999E+02
0.990,0.1618E+00,0.1999E+02
1.010,0.1188E+00,0.1999E+02
1.030,0.8634E-01,0.2000E+02
1.050,0.6210E-01,0.2000E+02
1.070,0.4421E-01,0.2000E+02
1.090,0.3115E-01,0.2000E+02
1.110,0.2172E-01,0.2000E+02
1.130,0.1499E-01,0.2000E+02
1.150,0.1024E-01,0.2000E+02
1.170,0.6923E-02,0.2000E+02
1.190,0.4632E-02,0.2000E+02
1.210,0.3067E-02,0.2000E+02
1.230,0.2009E-02,0.2000E+02
1.250,0.1303E-02,0.2000E+02
1.270,0.8360E-03,0.2000E+02
1.290,0.5308E-03,0.2000E+02
1.310,0.3335E-03,0.2000E+02
1.330,0.2074E-03,0.2000E+02
1.350,0.1276E-03,0.2000E+02
1.370,0.7768E-04,0.2000E+02
1.390,0.4680E-04,0.2000E+02
1.410,0.2790E-04,0.2000E+02
1.430,0.1646E-04,0.2000E+02
1.450,0.9606E-05,0.2000E+02
1.470,0.5548E-05,0.2000E+02
1.490,0.3170E-05,0.2000E+02
1.510,0.1793E-05,0.2000E+02
1.530,0.1003E-05,0.2000E+02
1.550,0.5552E-06,0.2000E+02
1.570,0.3041E-06,0.2000E+02
1.590,0.1648E-06,0.2000E+02
1.610,0.8838E-07,0.2000E+02
1.630,0.4689E-07,0.2000E+02
1.650,0.2461E-07,0.2000E+02
1.670,0.1278E-07,0.2000E+02
1.690,0.6569E-08,0.2000E+02
1.710,0.3340E-08,0.2000E+02
1.730,0.1680E-08,0.2000E+02
1.750,0.8362E-09,0.2000E+02
1.770,0.4118E-09,0.2000E+02
1.790,0.2006E-09,0.2000E+02
1.810,0.9669E-10,0.2000E+02
1.830,0.4611E-10,0.2000E+02
1.850,0.2176E-10,0.2000E+02
1.870,0.1016E-10,0.2000E+02
1.890,0.4690E-11,0.2000E+02
1.910,0.2143E-11,0.2000E+02
1.930,0.9688E-12,0.2000E+02
1.950,0.4333E-12,0.2000E+02
1.970,0.1917E-12,0.2000E+02
1.990,0.8393E-13,0.2000E+02
2.010,0.3635E-13,0.2000E+02
2.030,0.1557E-13,0.2000E+02
2.050,0.6602E-14,0.2000E+02
2.070,0.2769E-14,0.2000E+02
2.090,0.1149E-14,0.2000E+02
2.110,0.4716E-15,0.2000E+02
2.130,0.1915E-15,0.2000E+02
2.150,0.7695E-16,0.2000E+02
2.170,0.3059E-16,0.2000E+02
2.190,0.1203E-16,0.2000E+02
2.210,0.4680E-17,0.2000E+02
2.230,0.1801E-17,0.2000E+02
2.250,0.6858E-18,0.2000E+02
2.270,0.2584E-18,0.2000E+02
2.290,0.9629E-19,0.2000E+02
2.310,0.3550E-19,0.2000E+02
2.330,0.1295E-19,0.2000E+02
2.350,0.4673E-20,0.2000E+02
2.370,0.1668E-20,0.2000E+02
2.390,0.5892E-21,0.2000E+02
2.410,0.2059E-21,0.2000E+02
2.430,0.7117E-22,0.2000E+02
2.450,0.2434E-22,0.2000E+02
2.470,0.8234E-23,0.2000E+02
2.490,0.2756E-23,0.2000E+02
2.510,0.9125E-24,0.2000E+02
2.530,0.2989E-24,0.2000E+02
2.550,0.9687E-25,0.2000E+02
2.570,0.3106E-25,0.2000E+02
2.590,0.9850E-26,0.2000E+02
2.610,0.3091E-26,0.2000E+02
2.630,0.9593E-27,0.2000E+02
2.650,0.2946E-27,0.2000E+02
2.670,0.8950E-28,0.2000E+02
2.690,0.2690E-28,0.2000E+02
2.710,0.7998E-29,0.2000E+02
2.730,0.2353E-29,0.2000E+02
2.750,0.6846E-30,0.2000E+02
2.770,0.1971E-30,0.2000E+02
2.790,0.5613E-31,0.2000E+02
2.810,0.1581E-31,0.2000E+02
2.830,0.4408E-32,0.2000E+02
2.850,0.1215E-32,0.2000E+02
2.870,0.3315E-33,0.2000E+02
2.890,0.8947E-34,0.2000E+02
2.910,0.2388E-34,0.2000E+02
2.930,0.6308E-35,0.2000E+02
2.950,0.1648E-35,0.2000E+02
2.970,0.4260E-36,0.2000E+02
2.990,0.1089E-36,0.2000E+02
3.010,0.2756E-37,0.2000E+02
3.030,0.6896E-38,0.2000E+02
3.050,0.1707E-38,0.2000E+02
3.070,0.4181E-39,0.2000E+02
3.090,0.1013E-39,0.2000E+02
3.110,0.2428E-40,0.2000E+02
3.130,0.5758E-41,0.2000E+02
3.150,0.1351E-41,0.2000E+02
3.170,0.3135E-42,0.2000E+02
3.190,0.7196E-43,0.2000E+02
3.210,0.1634E-43,0.2000E+02
3.230,0.3672E-44,0.2000E+02
3.250,0.8162E-45,0.2000E+02
3.270,0.1795E-45,0.2000E+02
3.290,0.3904E-46,0.2000E+02
3.310,0.8401E-47,0.2000E+02
3.330,0.1788E-47,0.2000E+02
3.350,0.3766E-48,0.2000E+02
3.370,0.7847E-49,0.2000E+02
3.390,0.1617E-49,0.2000E+02
3.410,0.3298E-50,0.2000E+02
3.430,0.6651E-51,0.2000E+02
3.450,0.1327E-51,0.2000E+02
3.470,0.2620E-52,0.2000E+02
3.490,0.5116E-53,0.2000E+02
3.510,0.9884E-54,0.2000E+02
3.530,0.1889E-54,0.2000E+02
3.550,0.3571E-55,0.2000E+02
3.570,0.6680E-56,0.2000E+02
3.590,0.1236E-56,0.2000E+02
3.610,0.2262E-57,0.2000E+02
3.630,0.4097E-58,0.2000E+02
3.650,0.7338E-59,0.2000E+02
3.670,0.1300E-59,0.2000E+02
3.690,0.2280E-60,0.2000E+02
3.710,0.3954E-61,0.2000E+02
3.730,0.6783E-62,0.2000E+02
3.750,0.1151E-62,0.2000E+02
3.770,0.1933E-63,0.2000E+02
3.790,0.3211E-64,0.2000E+02
3.810,0.5276E-65,0.2000E+02
3.830,0.8576E-66,0.2000E+02
3.850,0.1379E-66,0.2000E+02
3.870,0.2194E-67,0.2000E+02
3.890,0.3453E-68,0.2000E+02
3.910,0.5376E-69,0.2000E+02
3.930,0.8279E-70,0.2000E+02
3.950,0.1261E-70,0.2000E+02
3.970,0.1901E-71,0.2000E+02
3.990,0.2835E-72,0.2000E+02
4.010,0.4182E-73,0.2000E+02
4.030,0.6102E-74,0.2000E+02
4.050,0.8808E-75,0.2000E+02
4.070,0.1258E-75,0.2000E+02
4.090,0.1777E-76,0.2000E+02
4.110,0.2483E-77,0.2000E+02
4.130,0.3433E-78,0.2000E+02
4.150,0.4696E-79,0.2000E+02
4.170,0.6354E-80,0.2000E+02
4.190,0.8505E-81,0.2000E+02
4.210,0.1126E-81,0.2000E+02
4.230,0.1480E-82,0.2000E+02
4.250,0.1957E-83,0.2000E+02
4.270,0.2932E-84,0.2000E+02
4.290,0.8229E-85,0.2000E+02
4.310,0.5739E-85,0.2000E+02
4.330,0.5739E-85,0.2000E+02
4.350,0.5739E-85,0.2000E+02
4.370,0.5739E-85,0.2000E+02
4.390,0.5739E-85,0.2000E+02
4.410,0.5739E-85,0.2000E+02
4.430,0.5739E-85,0.2000E+02
4.450,0.5739E-85,0.2000E+02
4.470,0.5739E-85,0.2000E+02
4.490,0.5739E-85,0.2000E+02
4.510,0.5739E-85,0.2000E+02
4.530,0.5739E-85,0.2000E+02
4.550,0.5739E-85,0.2000E+02
4.570,0.5739E-85,0.2000E+02
4.590,0.5739E-85,0.2000E+02
4.610,0.5739E-85,0.2000E+02
4.630,0.5739E-85,0.2000E+02
4.650,0.5739E-85,0.2000E+02
4.670,0.5739E-85,0.2000E+02
4.690,0.5739E-85,0.2000E+02
4.710,0.5739E-85,0.2000E+02
4.730,0.5739E-85,0.2000E+02
4.750,0.5739E-85,0.2000E+02
4.770,0.5739E-85,0.2000E+02
4.790,0.5739E-85,0.2000E+02
4.810,0.5739E-85,0.2000E+02
4.830,0.5739E-85,0.2000E+02
4.850,0.5739E-85,0.2000E+02
4.870,0.5739E-85,0.2000E+02
4.890,0.5739E-85,0.2000E+02
4.910,0.5739E-85,0.2000E+02
4.930,0.5739E-85,0.2000E+02
4.950,0.5739E-85,0.2000E+02
4.970,0.5739E-85,0.2000E+02
4.990,0.5739E-85,0.2000E+02
5.010,0.5739E-85,0.2000E+02
5.030,0.5739E-85,0.2000E+02
5.050,0.5739E-85,0.2000E+02
5.070,0.5739E-85,0.2000E+02
5.090,0.5739E-85,0.2000E+02
5.110,0.5739E-85,0.2000E+02
5.130,0.5739E-85,0.2000E+02
5.150,0.5739E-85,0.2000E+02
5.170,0.5739E-85,0.2000E+02
5.190,0.5739E-85,0.2000E+02
5.210,0.5739E-85,0.2000E+02
5.230,0.5739E-85,0.2000E+02
5.250,0.5739E-85,0.2000E+02
5.270,0.5739E-85,0.2000E+02
5.290,0.5739E-85,0.2000E+02
5.310,0.5739E-85,0.2000E+02
5.330,0.5739E-85,0.2000E+02
5.350,0.5739E-85,0.2000E+02
5.370,0.5739E-85,0.2000E+02
5.390,0.5739E-85,0.2000E+02
5.410,0.5739E-85,0.2000E+02
5.430,0.5739E-85,0.2000E+02
5.450,0.5739E-85,0.2000E+02
